job-title,company-name,company-location,salary
Product Manager, Nearcut ," Berlin, Germany "," $75,000 - $99,999 USD "
Senior Product Manager, Toggl ," Tallinn, Estonia "," $75,000 - $99,999 USD "
Product Marketing Manager (w/m/d) fr SaaS und On-Premises Lsungen, Septeo CNEE ," Karlsruhe, DE, Lauf a. d. Pegnitz, DE, Nordwalde, DE, Remote, Germany ",not provided
Account Manager II, Renaissance Learning North America , Remote - LA ,not provided
Client Sales Development Manager, Blackhawk Network ," Remote, United States ",not provided
Product Support Representative IV - REMOTE, Net Health ," Pittsburgh, Pennsylvania, 15222, United States ",not provided
Finance & Accounts Executive (US SaaS Startup), Hypersonix , Remote ,not provided
"Solutions Engineer / Network Automation Consultant (Python, Nautobot SaaS)", JMS Technical Solutions , Remote ,not provided
Sales Development Representative, Kojo , Remote (Canada) ,not provided
Support Operations Program Manager (SaaS) REMOTE, TCWGlobal ," CA, USA ",not provided
Program Manager Time Migration, Intapp , Remote (United States) ,not provided
Senior Data Engineer, Lodgify , Spain ,not provided
Account Executive - Net New | Copperleaf | France, IFS ," Paris, France ",not provided
Sales Manager (SaaS & Social Media Marketing) - Philippines, DinePalace.com / Foodme.Mobi ,not provided,not provided
Frontend Full Stack Engineer, Redolent ," Remote, CA ",not provided
Product Manager - B2B SaaS (Martech) - Europe, Insider One ," Berlin, Germany / Amsterdam, Netherlands / Hamburg / London, United Kingdom ",not provided
Product Manager for Bonsai (Innovation Hub), Jetbrains ," Amsterdam, Netherlands; Belgrade, Serbia; Berlin, Germany; Limassol, Cyprus; Madrid, Spain; Munich, Germany; Paphos, Cyprus; Prague, Czech Republic; Remote, Germany; Warsaw, Poland; Yerevan, Armenia ",not provided
Product Owner Zendesk Customer Service (m/w/d) // remote mglich, E. Breuninger& Co. ," Stuttgart, Deutschland ",not provided
"Senior Product Analyst, Remote", Aledade ," Bethesda, MD ",not provided
Senior Product Manager, Hint Health ," USA, Canada, Costa Rica, Uruguay - Remote ",not provided
Senior Product Manager, Biggerpockets ," Denver, CO ",not provided
"Product Lead, Data & Integrations", Assured , Remote ,not provided
Staff Product Manager - Liability, Assured , Remote ,not provided
"Principal Product Manager, LOB", Assured , Remote ,not provided
Online English Teacher, Native Camp , Japan ,not provided
Senior UI&UX / Graphic Designer, Lemon.io ," New York, NY ",not provided
Remote Data Entry Clerk, NoGigiddy ," Atlanta, Georgia ",not provided
FT/PT Remote AI Prompt Engineering & Evaluation - Will Train, DataAnnotation.tech ," New York, NY ",not provided
Entry Level Junior Trader (Remote), Infiniti Group Ltd , Infiniti Group Ltd ," $50,000 - $74,999 USD "
Marketing Data Scientist, Toptal , Remote ,not provided
Native language editors , AE Virtual Class S.A , Panama ,not provided
Freelance Writer, ProWriterSites , New York ,not provided
AI Engineer/Python Develope, Toptal , Remote ,not provided
Remote AI Training - $20/hr - United States, Remote Talent Cloud ," Cheyenne, WY ",not provided
Digital Analytics Engineer (GA4 / GTM), We Work Remotely , Remote ,not provided
"Vice President of Sales & Marketing  GovTech SaaS, Public Sector Focus", #twiceasnice Recruiting ," REMOTE, None ",not provided
Werkstudent (m/w/d) SAP-Consulting im Kundenservice, SEC Service Enterprise Consulting ," Altrottstrae 31 Walldorf, Baden-Wrttemberg, 69190 Germany ",not provided
"Manager, Global Financial Reporting", ura , Remote - United States ,not provided
Quality Assurance Rater - German (Germany), TELUS Digital ," Las Vegas, Nevada ",not provided
Director of Product and Data Innovation, Palette Media , United States ,not provided
Associate Consultant, Bentley Systems , Canada ,not provided
"Solutions Engineer / Network Automation Consultant (Python, Nautobot SaaS)", JMS Technical Solutions , Remote ,not provided
Product Marketing Analyst, Nuvemshop , BR ,not provided
UX Designer  Design System SR, Lyncas , BR ,not provided
Profissional Lder de Implantao - Remoto, Luby , BR ,not provided
Virtual Assistant, Persona Talent ," San Francisco, California, USA ",not provided
Mid/Senior AI Cinematic Video Editor (Full Remote - Worldwide), EverAI , Croatia ," $75,000 - $99,999 USD "
Online Data Analyst United States Spanish speakers, TELUS Digital ," Las Vegas, Nevada ",not provided
"Staff Software Engineer, Product", LawnStarter , United States ,not provided
"Tax Analyst- Bloomington, IL", AHU Technologies , Fully Remote - US ,not provided
Framer Website Designer, Air Apps , Rome Metropolitain ,not provided
Localization Web Developer, NinjaOne , Remote ,not provided
"Senior Technical Business Analyst- Atlanta, GA", AHU Technologies , Fully Remote - US ,not provided
Frontend Engineer, Mobena ," New York, NY "," $75,000 - $99,999 USD "
Senior Web Developer for a DTC Company (US-Based/Remote), Paired , Argentina ,not provided
Senior Web Designer, Willow Health , Brazil (Remote) ,not provided
Licensed Civil Engineer - Site Design, Olsson ," Dallas, TX; Fort Worth, TX; Oklahoma City, OK; Texas - Remote; Tulsa, OK ",not provided
Senior Web Developer (WordPress & Shopify), Rehire , Colombia ,not provided
Senior Frontend Web Developer, CAI , IL-CLIENT-STATE ,not provided
"Electrical Engineer - Tonawanda, NY", AHU Technologies , Fully Remote - US ,not provided
Web Developer, ServiceTitan , Canada Ontario Remote ,not provided
Manager  Business Development (Remote - FullTime), AHU Technologies , Fully Remote - US ,not provided
Senior Shopify Web Developer, Activate Talent , Colombia ,not provided
"Front End Web Developer, WFH", InterContinental Recruiting ," Sofia, Sofia  Information Technology ",not provided
"Senior Software Engineer, Web", Speechify Inc , Florida ," $100,000 or more USD "
Staff Software Engineer - AI Website Builder - US (Remote), Luxury Presence , United States ,not provided
Profissional Web Designer Snior, Radix , BR ,not provided
Profissional Web Designer Snior, Radix , BR ,not provided
Senior Product Manager - Remote - 13.5-18.3k CLT, Vinta , BR ,not provided
"We're Hiring: Appointment Setter (Freelance, Remote)", The Legal Podcast Network ," Austin, Texas "," $25,000 - $48,999 USD "
Remote Sales Representative, Credit Joy , Delaware ,not provided
DevRel - Content Creator, SuperPlane , USA ," $100,000 or more USD "
Director of Paid Social & Video, LawnStarter , United States ,not provided
Inside Sales - Account Executive, Credit Wellness LLC , USA ," $75,000 - $99,999 USD "
Sales Jedi, Creative Force , Creative Force ,not provided
Remote Inside Sales, Your Resource Group LLC , USA ," $25,000 - $48,999 USD "
DACH Community Manager (Events), Binance ," Europe / Global / Ireland, Dublin / United Kingdom, London / Asia / Japan, Tokyo / Hong Kong / Australia, Brisbane / Australia, Melbourne / Australia, Sydney / Estonia, Tallinn / Greece, Athens / India, Bangalore / Philippines, Manila ",not provided
Senior Engineer - Growth Marketing, Buffer ," United States, California "," $100,000 or more USD "
Remote Benefits Representative, Arias Organization ," Pittsburgh,PA "," $50,000 - $74,999 USD "
"Creative Lead, Paid Social", King Edward First , Los Angeles ," $25,000 - $48,999 USD "
Google Ads Media Buyer @ Growth Agency (DTC Ecommerce), HoloGrowth , Worldwide ," $25,000 - $48,999 USD "
Inside Sales Team Leader, The Careside ," Perth, Australia ",not provided
Growth Lead, Forager , Los Angeles ,not provided
Performance Marketing Specialist, The CareSide ," Perth, Australia ",not provided
"Senior Content Marketer, SEO", Animalz ," San Diego, California "," $75,000 - $99,999 USD "
Director of Sales & Marketing, The Archetype Strategy , Remote ,not provided
Junior Performance Marketer (Full Remote - Croatia), EverAI , Croatia ,not provided
Marketing Specialist, Compass Business Solutions , Remote ,not provided
Media Buyer (Google&Meta), CapsLock ," Madrid, Remote, United States ",not provided
B2B Marketing Director, Runway , Remote ,not provided
Fractional Sales Manager, C4Media Inc. ," Toronto, Ontario ",not provided
Remote Meta & Google Ads Specialist, Noventra Group Europe ," Gabril Metsustraat 1071 EA Amsterdam, Netherlands "," $75,000 - $99,999 USD "
"Sr. Analyst, Process Analytics", Cardinal Health , Philippines-Bonifacio Global City-Taguig ,not provided
Senior Analytics Engineer, idwall , BR ,not provided
Senior Customer Success Manager, Bask Health , United States ,not provided
Customer Success Account Manager, Bask Health , United States ,not provided
Customer Support Specialist, Select Saunas ," Casper, WY "," $25,000 - $48,999 USD "
Support Engineer, Level ," Asheville, NC "," $75,000 - $99,999 USD "
Head of Customer Success, OnTheGoSystems , Remote ,not provided
Customer Support Agent (Remote), CRAE GROUP LTD , Cyprus ," $10,000 - $25,000 USD "
 Entry-Level Account Manager, NoGigiddy ," Atlanta, Georgia ",not provided
CRM Specialist, Air Apps , Rome Metropolitain ,not provided
CRM _ DSS _ Zhengzhou, Medtronic ," Zhengzhou, Henan, China ",not provided
Consultores SAP Billing/FICA/WM/CRM (Utilities/CCS/ISU), Accenture ," Campina Grande, Unifacisa Building 7 ",not provided
Business & CRM Analyst | Remote, Sonova International , Mexico ,not provided
Customer Success Advocate, Bask Health , United States ,not provided
CRM Strategist, Smartbug Media/Point Sucess/Globalia ," Remote, United States ",not provided
Analista de CRM Pleno - Jornada, Acerto , BR ,not provided
Sr. Product Manager, OptiMantra ," Atlanta, Georgia, United States ",not provided
Dynamics 365 CRM Developer, Pro iDeal Jobs ," Cluj-Napoca, Remote, Romania ",not provided
"Support Engineer, WordPress VIP", Automattic , Remote ,not provided
Customer Support Operations Manager - Intercom & Fin AI, Vista Fulfillment Group ," Santee, California, United States ",not provided
Senior CRM Developer/Engineer [international role based in Poland], TechSoup , Remote ,not provided
Desenvolvedor CRM Snior - BR, Nexer ," Barueri, SP, Brazil ",not provided
Analista de Lifecycle & CRM, Auvo Tecnologia , BR ,not provided
Senior Customer Success Manager, Bask Health , United States ,not provided
Customer Operations & Writing Specialist, Clerky , USA ,not provided
Customer Success Engineer, Automattic , Remote ," $100,000 or more USD "
Technical Support Analyst - Operations (m/f/d), Korial , Germany ," $50,000 - $74,999 USD "
Multi-Jurisdiction Accountant for an International Client Portfolio (Europe), Flag Theory , Remote ,not provided
Business Analyst, Elite Software Automation , Virtual ," $100,000 or more USD "
Head of Project Finance, Giga Energy ," New York, NY. Remote, USA. ",not provided
Senior Accounting Technician, Contact Government Services ," Miami, FL / Remote / Hybrid / Tampa, FL ",not provided
Financial Controller, Conexwest , Remote ,not provided
Retail Loan Officer, Mission Loans , Remote ,not provided
Client Delivery Project Manager, Velera Solutions , Remote-USA ,not provided
Workday Financials - P2P Manager, Fortrea , Remote India ,not provided
Market Director - Chicago, Thrivent , Remote-Illinois-Chicago ,not provided
"Senior Solutions Engineer II, Financial Partnerships, APAC", Circle Internet Financial , Singapore - remote first in Singapore ,not provided
"Senior Actuarial Associate (Charlotte, NC (Hybrid) or Remote)", Brighthouse Financial , North Carolina ,not provided
Product Manager, Yei Finance , Spain ,not provided
Product Designer, Made Card , New York City ,not provided
Senior Consultant Microsoft Dynamics 365 FSCM - Finance (all genders), Arineo ," Butzbach, Hesse, 35510, Germany ",not provided
System Finance and Special Projects Manager, Boston Medical Center , Remote ,not provided
Assistant-e en gestion financire et comptable, Inserm , 15 rue de l'Ecole de Mdecine 75006 Paris ,not provided
Chief Financial Officer, Blossom ," Remote, Florida, 33146 United States ",not provided
Strategic Account Executive, Collectly , United States ,not provided
GL Accountant, eClerx ," Muntinlupa City, Philippines ",not provided
"Senior Private Wealth Advisor, Practice Lead - Florida region", Empower Retirement , FL Miami - Remote ,not provided
Director of Strategic Accounts, Wealth.com ," Remote, United States ",not provided
Pollution Claims Adjuster III | Fully Remote, Allianz ,not provided,not provided
Sales (WFH), Spieldenner Financial Group ," Spokane, WA ",not provided
Engenheiro de IA - 100% Remoto, CashMe , BR ,not provided
Analista De Operaes Snior (Faturamento), Qive , BR ,not provided
Design Engineer Part-Time, garden3d , New York City ," $50,000 - $74,999 USD "
CRO Specialist (all genders), sofatutor GmbH , Berlin ," $50,000 - $74,999 USD "
Design Release Engineer  Semiconductor, GM ," Warren, Michigan, United States of America ",not provided
Desenvolvedor C# .NET e PHP - Remota, Qintess ," So Paulo, So Paulo, Brazil ",not provided
"Design Consultant - Exteriors, Louisville, KY", Home Depot , KENTUCKY - VIRTUAL - KY01 ,not provided
Buchhalter / Steuerfachangestellte (M/W/D), MOON ," Tettenweis, BAYERN, 94167, Germany ",not provided
"Design Center Manager, NYC", Masco , US - New York - New York ,not provided
Lead Product Designer, Assemble ," Los Angeles, CA ",not provided
Senior Data Engineering, Trinca , BR ,not provided
Service Design Consultant, EY , Katowice - 2 days in office / 3 days remote ,not provided
"Professor Regente - Design Grfico, Digital e/ou Produto", Vitru Educao , BR ,not provided
Architect Concept Design Lead - Remote Job, Ssc Hr Solutions ," Cairo, Cairo Governorate, Egypt ",not provided
Design Manager  Sports & Entertainment - Senior, Gensler , Remote - Australia ,not provided
UX Designer  Design System Pleno, Lyncas , BR ,not provided
[Job 29629] Program Manager Sr- Redesign de Superapp, CI&T , Brazil ,not provided
Senior Webflow Designer & Developer, Huzzle , Argentina ,not provided
Electrical Apprentice, Power Design , Nationwide ,not provided
FULLY REMOTE CSR JOB - LIVE CHAT ASSISTANT WANTED - TRAINING INCLUDED - USA ONLY , WVSU , WEST VIRGINIA ,not provided
Administrative Assistant, Stone & Tile , Chicago ,not provided
Creative Performance Designer, Nabu Global FZE ," Dubai, UAE ",not provided
Lead Product Designer, Blink Health , United States ,not provided
Senior Platform/Site Reliability Engineer, Lemon.io ," New York, NY ",not provided
"Principal DevOps Engineer  Build, Release and Cloud Automation", Revvity , India - Remote ,not provided
Staff DevOps Engineer, Runware , United Kingdom ,not provided
DevOps Engineer, Career Team Enterprises , Remote in the Philippines ,not provided
Mid/Senior DevOps Engineer (Egypt), Intelmatix ,not provided,not provided
DevOps Virtual Development Engineer, HYUNDAI MOTORS ,not provided,not provided
Professor(a)-autor(a) | Curadoria e Validao de Contedo - MICROSERVICES COM NODE.JS E MESSAGE BROKERS - EdTech | Vitru, Vitru Educao , BR ,not provided
DevOps e Platform Snior| Remoto, Premiersoft , BR ,not provided
DevOps Engineer (contract), Covent IT , Remote work ,not provided
DevOps Engineer - EMEA/US Shift, BlueMatrix , Hyderabad ,not provided
"Senior Solutions Engineer (API, Python, Node.JS)", Binance ," Europe / Global / Ireland, Dublin / United Kingdom, London / Asia / Japan, Tokyo / Hong Kong / Australia, Brisbane / Australia, Melbourne / Australia, Sydney / Estonia, Tallinn / Greece, Athens / India, Bangalore / Philippines, Manila ",not provided
[Banco de Talentos] Pessoa Desenvolvedora Backend Pleno, Cubos Tecnologia , BR ,not provided
Engenheiro DevOps (GitHub e CI/CD) | Remoto, Premiersoft , BR ,not provided
Technical Product Lead for Innovative Telecom Services - 100% Remote - 6 hours per day, Lightup Network Solutions GmbH & Co. KG ," Frankfurt, Germany "," $25,000 - $48,999 USD "
BDR - outbound - Pr-vendas, FIAP , BR ,not provided
[Banco de Talentos] Pessoa Desenvolvedora Frontend Junior, Cubos Tecnologia , BR ,not provided
[Banco de Talentos] Pessoa Desenvolvedora Flutter Pleno, Cubos Tecnologia , BR ,not provided
[Banco de Talentos] Pessoa Desenvolvedora Frontend Pleno, Cubos Tecnologia , BR ,not provided
Mac MSP Help Desk Guru (work from home)," Ignition, Inc. ", ignitionit.com ," $50,000 - $74,999 USD "
"Director, AI Product Development", Centralreach , Remote - US ,not provided
DevOps Engineer, Alice , BR ,not provided
[Cubos DevOps] Pessoa Engenheira de DevOps Pleno, Cubos Tecnologia , BR ,not provided
Profissional IaC| DevOps, Radix , BR ,not provided
[Banco de Talentos] Product Manager Pleno, Cubos Tecnologia , BR ,not provided
[BANCO DE TALENTOS] Product Manager Jr., Cubos Tecnologia , BR ,not provided
Full Stack AI Engineer, Reveleer , United States ," $100,000 or more USD "
AI Research Engineer, Tether , El Salvador ,not provided
Senior Ruby on Rails Developer , OnTheGoSystems , Remote ,not provided
Full Stack Web Developer  Remote Contractor, Abstract ," Stuttgart, DE ",not provided
PHP Web Developer, https://shiperp.com/ ," Shaw Blvd, Mandaluyong, Metro Manila, Philippines ",not provided
E-commerce Web Developer (Next.js / Node.js experience is required), WorkStaff360 , Islamabad ,not provided
Request for Proposals: Website Developer, Indigenous Climate Action , Canada ,not provided
Staff Software Engineer (Magic Containers), bunny.net , Slovenia ," $100,000 or more USD "
GoHighLevel Expert (Remote), Linkage Web Development , [REMOTE] ,not provided
"Facilities Maintenance Coordinator - Tonawanda, NY", AHU Technologies , Fully Remote - US ,not provided
"GxP Instrument Systems Engineer- Norwood, MA", AHU Technologies , Fully Remote - US ,not provided
Full-Stack Developer (Node.js) | Website Builder | Based in Poland, Hostinger , Poland ,not provided
Senior Linux System Engineer (M/W/D), Anexia Internetdienstleistungs ,not provided,not provided
Web Development Manager (Marketing & Webflow), Adoreal , Uruguay ,not provided
Technical Advisor  Training & Quality (M/W/D), Anexia Internetdienstleistungs ,not provided,not provided
Senior AI Engineer / Architect, Lemon.io ," New York, NY ",not provided
Web Developer, Community Sports Partners ," Buenos Aires, Argentina ",not provided
Web Developer (Remote), thehivecareers.co ," Port of Spain, Trinidad and Tobago ",not provided
[Active Pooling] Lead Generation Specialist - Virtual Assistant, Linkage Web Development , [REMOTE] ,not provided
Shopify Developer, Swanson Health ," Fargo, North Dakota, United States ",not provided
"Backend Engineer, 80-100% (f/m/x) ", comparis.ch , Zuerich ," $50,000 - $74,999 USD "
Senior Software Engineer - Backend/Python - USA Only (100% Remote), Close , USA ," $100,000 or more USD "
Blockchain Engineer & Researcher, FairGambling ,not provided,not provided
Senior Software Engineer II, Nomad , Denver CO ," $100,000 or more USD "
Senior QA Engineer, Cortes 23 , Remote ,not provided
Senior Independent AI Engineer / Architect, A.Team , NYC and TLV ,not provided
Senior Independent Software Developer ($90-$170/hr), A.Team , NYC and TLV ,not provided
Senior Shopify Developer (Remote + Flexible), Storetasker ," Brooklyn, NY ",not provided
Software engineer, Sticker Mule ," New York, NY "," $100,000 or more USD "
Product Engineer, Vvd , Canada ,not provided
DevOps Engineer, Thrill Labs , Remote from EU ,not provided
Senior Full Stack Engineer, Aguru UK Ltd , United Kingdom ," $75,000 - $99,999 USD "
Product Marketing Manager, Super.Com , Canada ,not provided
"Network DevOps Engineer, RDMA Fabric Automation", Vultr , Remote - United States ,not provided
Full-Stack Web App Developer Saas (Mid-Senior), FatturaElettronica APP ," Milan, IT ",not provided
Senior Full Stack Product Engineer, Dentology , UK (Remote) ,not provided
Product Designer, Umbrel , Remote ,not provided
Customer Support (technical), Umbrel , Remote ,not provided
Full Stack Product Engineer, Dentology , UK (Remote) ,not provided
Customer Support (non-technical), Umbrel , Remote ,not provided
DevOps Engineer, Patrianna , Ukraine ,not provided
Founding Engineer, Memora ApS ," Copenhagen, Denmark "," $100,000 or more USD "
Senior Software Development Engineer in Test II - Automation, Akamai , United States ,not provided
"Web Applications Developer - Sacramento, CA", AHU Technologies , Fully Remote - US ,not provided
Support Engineer  SQL & Web Applications (Remote - Mexico Only), Varicent ," Tijuana, Mexico ",not provided
Founding Product Engineer (m/w/d), Fonio ," Vienna, Austria ",not provided
Senior Lead Software Engineer II, Akamai , United States ,not provided
Full-Stack JavaScript Engineer (Remote - LATAM or Europe), POS+ , Remote / USA ," $75,000 - $99,999 USD "
